file_id,field
MX-M3658N_20260803_172528_002.png,id5
MX-M3658N_20260803_172528_002.png,id6
MX-M3658N_20260803_172528_002.png,q1
MX-M3658N_20260803_172528_002.png,q3
MX-M3658N_20260803_172528_002.png,q4
MX-M3658N_20260803_172528_002.png,q6
MX-M3658N_20260803_172528_002.png,q8
MX-M3658N_20260803_172528_002.png,q9
MX-M3658N_20260803_172528_002.png,q10
MX-M3658N_20260803_172528_002.png,q11
MX-M3658N_20260803_172528_003.png,id1
MX-M3658N_20260803_172528_003.png,id3
MX-M3658N_20260803_172528_003.png,id4
MX-M3658N_20260803_172528_003.png,id5
MX-M3658N_20260803_172528_003.png,q1
MX-M3658N_20260803_172528_003.png,q2
MX-M3658N_20260803_172528_003.png,q3
MX-M3658N_20260803_172528_003.png,q5
MX-M3658N_20260803_172528_003.png,q6
MX-M3658N_20260803_172528_003.png,q8
MX-M3658N_20260803_172528_003.png,q9
MX-M3658N_20260803_172528_005.png,id5
MX-M3658N_20260803_172528_005.png,id6
MX-M3658N_20260803_172528_005.png,id7
MX-M3658N_20260803_172528_005.png,id8
MX-M3658N_20260803_172528_006.png,q1
MX-M3658N_20260803_172528_006.png,q6
MX-M3658N_20260803_172528_006.png,q7
MX-M3658N_20260803_172528_006.png,q9
MX-M3658N_20260803_172528_007.png,id5
MX-M3658N_20260803_172528_007.png,id6
MX-M3658N_20260803_172528_007.png,id7
MX-M3658N_20260803_172528_007.png,q1
MX-M3658N_20260803_172528_007.png,q2
MX-M3658N_20260803_172528_007.png,q3
MX-M3658N_20260803_172528_007.png,q5
MX-M3658N_20260803_172528_007.png,q6
MX-M3658N_20260803_172528_007.png,q7
MX-M3658N_20260803_172528_009.png,id2
MX-M3658N_20260803_172528_009.png,id3
MX-M3658N_20260803_172528_009.png,id4
MX-M3658N_20260803_172528_009.png,q1
MX-M3658N_20260803_172528_009.png,q2
MX-M3658N_20260803_172528_009.png,q3
MX-M3658N_20260803_172528_009.png,q4
MX-M3658N_20260803_172528_009.png,q5
MX-M3658N_20260803_172528_009.png,q6
MX-M3658N_20260803_172528_009.png,q7
MX-M3658N_20260803_172528_009.png,q8
MX-M3658N_20260803_172528_009.png,q10
MX-M3658N_20260803_172528_009.png,q11
MX-M3658N_20260803_172528_010.png,q4
MX-M3658N_20260803_172528_010.png,q5
MX-M3658N_20260803_172528_010.png,q6
MX-M3658N_20260803_172528_011.png,q1
MX-M3658N_20260803_172528_011.png,q6
MX-M3658N_20260803_172528_015.png,id1
MX-M3658N_20260803_172528_015.png,id3
MX-M3658N_20260803_172528_015.png,id4
MX-M3658N_20260803_172528_015.png,id5
MX-M3658N_20260803_172528_015.png,q3
MX-M3658N_20260803_172528_015.png,q4
MX-M3658N_20260803_172528_015.png,q8
MX-M3658N_20260803_172528_016.png,q1
MX-M3658N_20260803_172528_016.png,q2
MX-M3658N_20260803_172528_016.png,q4
MX-M3658N_20260803_172528_016.png,q6
MX-M3658N_20260803_172528_016.png,q7
MX-M3658N_20260803_172528_016.png,q8
MX-M3658N_20260803_172528_016.png,q9
MX-M3658N_20260803_172528_016.png,q10
MX-M3658N_20260803_172528_016.png,q11
MX-M3658N_20260803_172528_017.png,id3
MX-M3658N_20260803_172528_017.png,id4
MX-M3658N_20260803_172528_017.png,q4
MX-M3658N_20260803_172528_017.png,q5
MX-M3658N_20260803_172528_020.png,id1
MX-M3658N_20260803_172528_020.png,id3
MX-M3658N_20260803_172528_020.png,id6
MX-M3658N_20260803_172528_020.png,q1
MX-M3658N_20260803_172528_020.png,q2
MX-M3658N_20260803_172528_020.png,q3
MX-M3658N_20260803_172528_020.png,q4
MX-M3658N_20260803_172528_020.png,q6
MX-M3658N_20260803_172528_020.png,q7
MX-M3658N_20260803_172528_020.png,q8
MX-M3658N_20260803_172528_020.png,q9
MX-M3658N_20260803_172528_020.png,q10
MX-M3658N_20260803_172528_020.png,q11
